[
    {
        "img":"./img/1.jpg",
        "title":"微博之夜红毯女星争艳秀身材"
    },
    {
        "img":"./img/2.jpg",
        "title":"微博之夜红毯女星争艳秀身材"
    },
    {
        "img":"./img/3.jpg",
        "title":"微博之夜红毯女星争艳秀身材"
    },
    {
        "img":"./img/4.jpg",
        "title":"微博之夜红毯女星争艳秀身材"
    },
    {
        "img":"./img/5.jpg",
        "title":"微博之夜红毯女星争艳秀身材"
    },
    {
        "img":"./img/6.jpg",
        "title":"微博之夜红毯女星争艳秀身材"
    },
    {
        "img":"./img/7.jpg",
        "title":"微博之夜红毯女星争艳秀身材"
    }
]